Price,Close,High,Low,Open,Volume,Return,RSI,SMA_14,SMA_50,Momentum
2024-01-17,793.768798828125,801.7996289288051,792.241479645868,799.1391044686554,7895439.0,-0.016242268810154004,71.91345371520836,787.5539289202009,715.7320532226563,23.74749755859375
2024-01-18,807.0713500976562,810.9143365040816,785.3438442275183,795.1975938414143,11500495.0,0.016758722803378534,68.566,790.3059343610491,719.1414501953125,22.95916748046875
2024-01-19,811.5055541992188,813.9197349330318,807.5147975515976,811.8011546652433,5706888.0,0.005494190942382016,66.61627248840205,792.6250871930804,722.6602233886719,32.1231689453125
2024-01-23,788.743408203125,815.4963026018946,784.6540780131628,812.835838292056,9436209.0,-0.02804927936513646,56.91511591599926,793.7547476632254,725.7720373535157,11.18402099609375
2024-01-24,799.0406494140625,800.1245379084083,776.9682243113053,790.6649615172381,7217542.0,0.013055248517887641,61.918271927902744,795.8275582449777,728.9557861328125,10.937744140625
2024-01-25,799.9766845703125,802.243095226475,788.5956151371599,802.095264916719,10109720.0,0.0011714487328478018,57.30488839925581,796.9607369559152,732.1247521972656,3.3502197265625
2024-01-29,828.7003784179688,831.4594164008449,799.1883850177434,799.9766729924912,12823686.0,0.035905663754543626,68.59903159247702,800.4834507533482,735.8248352050781,24.979248046875
2024-01-30,846.289306640625,872.9930056031293,830.5233064180459,830.6711367271397,19734613.0,0.02122471363683265,73.16508505329074,805.3927307128906,739.5160510253907,41.7799072265625
2024-01-31,871.2685546875,883.3886547091053,852.5464303824548,852.5464303824548,24562392.0,0.029516204270654267,75.54481543278153,811.3331342424665,743.5324389648438,70.70062255859375
2024-02-01,865.6519165039062,886.9853087934789,863.484079527983,886.8374784900577,14505885.0,-0.0064465062504273085,71.58706325782434,816.2635236467634,747.4138317871094,58.77764892578125
2024-02-02,865.8983154296875,882.6496910909161,864.0260787987777,873.042284461682,13003437.0,0.0002846397276821122,70.31554059255248,820.7047511509487,751.4430310058593,72.1295166015625
2024-02-05,913.2455444335938,936.1062566238588,901.9629885752554,920.3402565122992,38686871.0,0.05467989504103721,77.24020754467143,828.4716186523438,756.27333984375,106.1741943359375
2024-02-06,925.8090209960938,927.5334271562696,914.8221264039116,922.705125993286,12714803.0,0.013756953580640774,80.07572466380911,837.4174107142857,761.3647705078125,114.303466796875
2024-02-07,920.1431274414062,930.19396408181,914.4772214101876,930.19396408181,7913010.0,-0.006119937726024149,77.2846081216462,845.5080435616629,766.3675183105469,131.39971923828125
2024-02-08,910.7821044921876,925.956903616184,905.3625419682626,923.2963790759358,11576253.0,-0.010173442228763152,78.70439687327072,853.8661368233817,771.3062170410157,111.74145507812511
2024-02-09,901.6181030273438,913.8367767865784,892.7989849637645,912.4572277631916,7904881.0,-0.010061683710785418,73.67383754658952,860.6194763183594,775.5925988769532,101.64141845703125
2024-02-12,898.267822265625,911.4718712685764,894.720496337154,902.702009747472,7286778.0,-0.0037158534755120654,71.8432256194799,866.8167811802456,779.5193188476562,69.56744384765625
2024-02-13,893.6365966796875,905.6581233655388,880.9252353343002,898.267810988573,8574218.0,-0.005155729139062926,79.0609034909542,874.3091517857143,783.4706726074219,47.3472900390625
2024-02-14,904.869873046875,906.4957658944458,881.2701291795872,886.8375221254936,6570939.0,0.012570295810315768,79.16894613983416,881.8683820452009,787.6654138183594,33.601318359375
2024-02-15,907.0869750976562,913.4426560924994,902.9483879282802,910.190930510318,6430799.0,0.002450188824737687,79.31501984353028,889.5191170828683,791.9015417480468,41.43505859375
2024-02-16,924.8729248046876,934.9237615491392,910.5849877084862,911.471849240429,12826164.0,0.01960776661479069,77.99772065233269,896.3885846819196,796.4273681640625,58.974609375000114
2024-02-19,918.960693359375,929.159360610722,917.4333741504825,929.159360610722,4632214.0,-0.0063924797523521315,72.69931351929266,901.5793980189732,800.5688989257812,5.71514892578125
2024-02-20,912.8020629882812,920.9807232062228,906.939130136222,920.783636187264,4733639.0,-0.006701734269591086,64.7017774311399,904.5460771833148,804.597109375,-13.0069580078125
2024-02-21,907.57958984375,923.4934194164572,903.0961458291296,912.80206507427,6011018.0,-0.005721364309184573,64.88283184644321,907.5409109933036,808.6667065429688,-12.56353759765625
2024-02-22,918.6651000976562,920.1924193185314,901.2239505762504,911.127017436234,6437014.0,0.01221436706814294,67.3920154500739,911.3099670410156,812.83484375,7.882995605468636
2024-02-23,923.6905517578124,926.0554156792168,915.8075517347633,919.4533911314096,7047473.0,0.005470384865629452,54.77479387843356,912.0560389927456,817.2099084472657,22.072448730468636
2024-02-26,923.2470703125,931.1793266218872,917.088476882461,923.3948404693124,5600234.0,-0.00048011906635658796,48.68289015476472,911.873042515346,821.4795373535156,24.979248046875
2024-02-27,948.6205444335938,950.8868949526455,921.8183318426942,923.0500506185396,12810206.0,0.027482864486648495,62.173570452007475,913.9071437290737,826.2674755859375,54.98394775390625
2024-02-28,944.0384521484376,961.7259444044608,936.401796339898,952.0200252725484,15219187.0,-0.004830268869932652,64.82207697103766,916.2825971330915,830.7144714355469,39.168579101562614
2024-02-29,936.3033447265624,945.2209765213776,929.1101191959248,944.9746327693524,10346657.0,-0.00819363597348366,65.65836249904244,918.7601143973214,835.0382983398438,29.216369628906136
2024-03-01,963.1055297851562,966.061654726004,942.7082556648046,944.9253493704404,10645369.0,0.028625535954291736,74.15564470247628,923.391379220145,839.9346264648437,38.232604980468636
2024-03-04,972.76220703125,980.4481199632628,965.7660084816804,978.7237137221211,6084495.0,0.010026603469142081,78.41468803316138,929.043208530971,845.4911560058594,53.801513671875
2024-03-05,1006.9547119140624,1050.015550246232,990.6467079491504,1011.9801002340706,59811033.0,0.03514991087818231,81.47019908420657,936.33498273577,851.6605895996094,94.15264892578114
2024-03-06,1002.766845703125,1015.576720101395,994.2433282965012,1010.0093275559104,14214823.0,-0.004158941967684848,79.14161545505615,943.1692592075893,857.4339013671874,95.187255859375
2024-03-07,1024.1002197265625,1031.687558624403,999.219442434798,1010.0093100191144,16877082.0,0.02127451073482467,79.5828120030075,950.2569231305804,863.7353747558594,105.43511962890625
2024-03-11,1012.9655151367188,1020.7991983897635,1006.0678900336476,1019.6167964861088,7502450.0,-0.010872670833736109,77.17946609358631,956.9715532575335,869.3933984375,89.27496337890636
2024-03-12,1001.6336669921876,1021.8338540786016,996.509705068594,1012.7684523782236,8763820.0,-0.011186805449148629,74.93774204525485,963.316667829241,874.5685864257813,78.38659667968761
2024-03-13,958.9669189453124,1006.067829800722,949.4580265655086,1004.0970798892612,16564155.0,-0.04259715847511347,61.919991799722936,966.9871913364956,878.3770593261719,10.346374511718636
2024-03-14,953.5966796875,967.6382737826144,941.4273221954084,950.8376416481916,22931801.0,-0.005600025560546618,58.32355279266797,969.4823041643415,881.8682446289063,9.558227539062386
2024-03-15,932.0169067382812,965.4211428309808,926.2524871254116,954.2371607934411,23390913.0,-0.02262987425280316,51.83893992599435,970.0770438058036,885.05001953125,-4.286437988281136
2024-03-18,958.2279052734376,960.5435124047964,922.95149324089,932.0168948855834,12121719.0,0.028122878829403675,56.93630411366747,972.5756748744419,888.8141516113282,-4.877624511718636
2024-03-19,943.742919921875,956.4049647983016,937.6828395270768,954.3849580475414,9483750.0,-0.015116430310416873,48.98917341035929,972.227273123605,892.0067663574218,-29.019287109375
2024-03-20,926.6959228515624,951.0346971718724,907.7274542638183,946.8468534576951,13900321.0,-0.01806317876453456,46.58253748095459,970.988521030971,894.953037109375,-80.2587890625
2024-03-21,950.788330078125,955.0746871292048,932.1647191377124,937.0915939745925,11074207.0,0.02599817980468422,52.68149786584761,972.0231628417969,898.4176159667969,-51.978515625
2024-03-22,965.4703979492188,971.7768219081004,936.4510926222424,950.788346763175,13638296.0,0.01544199419221659,50.45835896465243,972.1920819963727,901.9649658203125,-58.62982177734375
2024-03-26,971.77685546875,980.4481436047912,961.726018249524,962.7113932682222,9461531.0,0.006532005054662449,49.80650620488961,972.1216997419085,905.4679736328125,-41.18865966796875
2024-03-27,964.3372802734376,980.4481376747032,962.415786970094,977.0978385743856,6640537.0,-0.007655641471028707,40.64865979712814,969.0775974818638,908.6802966308594,-37.29638671875
2024-03-28,978.2802734375,985.27647191907,964.6821106680268,968.1309231167892,9862996.0,0.014458627131068491,44.84760421841264,967.3285566057477,912.1557141113282,19.313354492187614
2024-04-01,977.7383422851562,995.0809182021668,973.0085543207458,985.374998523715,8629407.0,-0.0005539630789441752,39.30924955475909,964.0169939313616,915.6991223144531,24.14166259765625
2024-04-02,989.95703125,993.2580134878184,978.8715623494664,984.3896383673916,7995931.0,0.012496890462827093,44.72078359121326,962.373530796596,919.3607775878907,57.94012451171875
2024-04-03,994.3911743164062,999.6136496251422,978.0339137406766,989.3164691675546,8040366.0,0.004479126796854249,48.28391594758826,961.8562098911831,923.3732250976562,36.163269042968636
2024-04-04,996.8052978515624,1002.1263467586144,983.552052589072,1001.1409717863836,9138276.0,0.002427740307345161,61.07905440664518,964.5589512416294,927.1679040527343,53.062377929687386
2024-04-05,992.3711547851562,997.692203929789,989.710690355358,996.8053423581777,4519120.0,-0.004448354233232088,61.41572113827829,967.3285566057477,930.7852160644532,65.67523193359386
2024-04-08,998.3819580078124,1001.5351700236172,989.3164960158176,995.278002713306,5188052.0,0.006057011223746578,71.51073375376521,972.0689174107143,934.9779870605469,47.593627929687386
2024-04-09,993.7506713867188,1014.443546051192,990.30185894264,1006.0678586870004,8539041.0,-0.0046387923819607435,63.38657094660643,974.6062578473773,938.8721875,28.2802734375
2024-04-10,998.6775512695312,1006.0678636864247,995.2287388083143,997.4458325333824,4554077.0,0.004957863199163803,72.30893315070756,978.5301600864956,942.8462048339844,26.90069580078125
2024-04-12,1003.6043701171876,1013.9508069225192,998.677495447982,999.1701829149024,11575194.0,0.004933342940765417,84.6427208574218,984.0236206054688,946.3442846679687,39.26708984375
2024-04-15,984.1925048828124,992.2233349198216,964.1894050838227,983.5027303774992,12632409.0,-0.019342148970623363,65.70899943512424,986.4096330915179,949.1023486328126,5.912231445312386
2024-04-16,978.2802734375,990.2033468458728,967.7367490656384,975.5212355069935,9574762.0,-0.006007190073060276,56.565669205420065,987.3246241978237,951.2425830078125,0.54193115234375
2024-04-18,957.1439819335938,988.429638175115,952.1185934919624,981.7783569269176,13540490.0,-0.02160555832291,43.48965900037092,986.2794189453125,953.0724243164062,-32.81304931640625
2024-04-19,949.1131591796876,953.7936901690648,930.1939482046496,949.9014471072904,15381310.0,-0.00839040197242058,43.26205462060021,985.1919817243304,954.7367211914062,-45.278015136718636
2024-04-22,959.3118286132812,964.4357906919488,951.8722593189505,964.4357906919488,7187959.0,0.010745472586649596,41.3170965851085,983.8370928083148,955.658046875,-37.493469238281136
2024-04-23,972.3187866210938,979.9554429132786,959.8045120234614,961.7260053125792,7994116.0,0.013558634033121963,47.77328057056017,983.4499816894531,956.5882421875,-20.0523681640625
2024-04-24,977.1470947265624,981.3349382705,973.5504520965284,977.8861259401986,4671450.0,0.004965766548898465,44.39651719987646,982.5349862234933,957.7283215332031,-21.23486328125
2024-04-25,986.606689453125,988.6266961146384,975.0285335469335,977.9846584591526,8366455.0,0.009680829813253133,46.73822032108098,981.9789515904018,959.2448132324218,-7.14398193359375
2024-04-26,984.88232421875,994.1941301080512,982.0247126277416,993.0609247875608,7937500.0,-0.0017477737104446556,44.975105232994274,981.1273106166294,960.91009765625,-13.79522705078125
2024-04-29,985.9661865234376,991.0408917562278,984.3896106035014,988.380367266634,4764750.0,0.0011004992962457827,47.22220604576975,980.6698128836496,962.6640649414062,-17.63818359375
2024-04-30,993.1594848632812,1004.5405540653686,982.9115608237512,990.3018733111478,9047011.0,0.007295684616941633,47.758041991023305,980.2967790876116,964.6545227050781,8.966979980468864
2024-05-02,1012.7684936523438,1014.9362705822912,996.7560894351049,1005.0825203824631,12695047.0,0.01974406838772924,57.23391807434786,981.6551949637277,966.8124951171875,34.48822021484375
2024-05-03,998.5790405273438,1024.9870181307515,981.4334916167908,1022.819241263282,11871773.0,-0.014010559386408827,49.964995501900304,981.6481584821429,968.6423364257812,41.43505859375
2024-05-06,1001.3380737304688,1004.8853996263524,990.3018618485293,1000.1556117176686,5724760.0,0.002762959256252806,49.18210089338694,981.4862801688058,970.1716394042969,52.224914550781136
2024-05-07,974.0924682617188,1003.0625180336953,967.6875306036476,1001.3381117411376,8877426.0,-0.027209197556272824,46.55000377358651,980.7648489815848,971.2742749023438,14.7806396484375
2024-05-08,997.2980346679688,1000.1556462857928,962.7113954888862,972.5158889760536,7519352.0,0.023822755192492773,55.80975863883386,982.1232604980469,972.9641943359375,24.979248046875
2024-05-09,1015.2318725585938,1027.9431133540925,992.5681882656128,996.2140876574516,19189798.0,0.017982425781672973,68.09948142225863,986.2723955426898,975.1172399902343,38.084777832031364
2024-05-10,1031.3427734375,1034.9886128433905,1015.3304296000824,1021.8338805785804,13383183.0,0.015869183498251838,74.39346325798532,992.1459394182477,977.3707934570313,44.736083984375
2024-05-13,945.713623046875,993.9477396319236,933.3471792595528,990.3018402314242,58974762.0,-0.08302685837921775,47.2132419694943,991.1746390206473,977.8112548828125,-39.168701171875
2024-05-14,950.5419921875,953.8429742915232,939.3086934332588,950.9853628115364,16325689.0,0.005105529859101621,45.38236604317545,989.6191537039621,978.3571533203125,-35.424194335937614
2024-05-15,933.4456787109376,958.7205702518096,931.2778417910308,956.7498203505336,19668239.0,-0.01798585819151277,41.19165859649956,986.4976239885602,978.0536560058594,-59.713806152343636
2024-05-16,922.7051391601562,940.4418884893496,905.5595907515968,939.2594265055671,31240770.0,-0.011506335929064138,37.18633875915805,981.9332275390625,977.6269897460937,-90.0633544921875
2024-05-17,931.869140625,939.45654008101,927.2378661407458,930.1939911125016,13205512.0,0.00993166839103643,39.677673908961474,978.1465715680804,977.5383056640625,-66.70989990234375
2024-05-21,937.38720703125,942.6589992630536,934.8252561386554,940.0477315074156,10055258.0,0.00592150353058063,40.70163182145291,974.6766444614956,977.0239392089844,-63.95086669921875
2024-05-22,933.642822265625,940.934621398902,928.7652039361031,938.0770098120051,9495279.0,-0.003994491003865619,38.455660913682024,970.4254542759487,976.2415515136719,-40.44964599609375
2024-05-23,948.2755737304688,949.3595222777288,931.2285988605216,936.106216966905,11211074.0,0.015672750987722583,37.244177831988765,965.8188171386719,975.06796875,-49.0224609375
2024-05-24,946.5018920898438,956.749815582413,943.989198006742,948.4233852625148,9590588.0,-0.0018704284806656535,39.16784438031273,962.0990208217075,973.9426696777343,-68.72998046875
2024-05-27,944.48193359375,952.3156768398542,938.07699612024,950.7883576246744,6916555.0,-0.0021341304364788094,38.13733138443114,958.0378679547991,972.3503039550782,-86.86083984375
2024-05-28,933.6920776367188,947.832245099672,932.1647584014568,944.97463351691,6618946.0,-0.011424099893553197,40.94922145693031,955.1521257672991,970.7648352050782,-12.02154541015625
2024-05-29,929.7998046875,936.5989160890772,925.0700168241276,933.1008469475474,8184019.0,-0.004168690130766151,33.44609856739255,950.3308236258371,969.3281579589843,-20.7421875
2024-05-30,910.437255859375,937.535068733826,907.530387540703,929.701325347072,10170912.0,-0.02082442772144122,24.47803462932424,942.8454938616071,968.3575646972656,-23.008422851562614
2024-05-31,909.5010986328124,923.5426919757352,906.64348715865,918.0246161927156,14289102.0,-0.0010282501298554125,17.957996287709562,934.1425170898438,967.4756530761719,-13.204040527343864
2024-06-03,936.5496826171876,948.9161268629624,920.3402518068608,948.9161268629624,12314329.0,0.029740023431566343,46.51686978082606,933.4879499162946,967.56630859375,4.680541992187614
2024-06-04,890.6804809570312,934.1354941268096,842.8897937575056,934.1354941268096,26554598.0,-0.04897679483695394,32.65771635969615,929.2121276855469,966.2153601074219,-46.70672607421875
2024-06-05,916.3494873046876,920.0939002517736,876.9837442828151,911.4226123368064,13752553.0,0.02881954516402474,45.28149259705231,927.990971156529,965.6674914550781,-17.293334960937386
2024-06-06,924.528076171875,932.1647322766788,917.58119458246,926.2524823890888,11792640.0,0.008925185183704887,50.510343394618275,928.1211809430804,965.6241345214844,-23.74749755859375
2024-06-07,956.306396484375,958.7698338787192,921.5719292241234,926.2524602733772,15577866.0,0.03437247730115689,56.072472912141905,929.86669921875,965.7344958496094,9.80450439453125
2024-06-10,960.8884887695312,970.4958953541052,954.9269216979086,962.7114085260068,9258931.0,0.004791447910419855,55.86718251204916,931.5453622000558,965.6428576660156,16.40655517578125
2024-06-11,978.6854248046876,984.0889782885816,958.4097995945853,965.498812987245,14828702.0,0.018521333373393123,60.507771141326046,934.762690952846,965.7810290527344,44.993347167968864
2024-06-12,980.2717895507812,1001.6380733960244,978.586269182753,986.022335058002,17527993.0,0.0016209138359348785,57.94804462328256,937.0481349400112,966.0997192382813,50.47198486328125
2024-06-13,977.446044921875,993.458397592001,972.3895443496556,993.458397592001,12157226.0,-0.002882613433363379,57.64673836154742,939.2584315708706,966.0830346679687,67.0087890625
2024-06-14,984.9317626953124,988.7489190744136,973.0340569756906,981.5607218688089,11591421.0,0.007658446020962328,59.73280996575822,942.147705078125,966.2269030761719,75.4306640625
2024-06-18,977.4956665039062,994.9951718184408,975.6118389503958,991.4754460878008,9845075.0,-0.007549859262388825,60.71266721796474,945.2765328543527,965.97767578125,40.945983886718636
2024-06-19,969.0184936523438,986.4189359747156,966.8372961039416,981.5606821299476,7605719.0,-0.008672338038982597,59.38100128212277,948.0778677804129,965.4702221679687,78.3380126953125
2024-06-20,969.910888671875,979.974389003574,968.0270610532276,971.6459707625224,7299571.0,0.000920926716442505,65.60476770352963,952.3259844098773,964.932333984375,53.561401367187386
2024-06-21,953.60107421875,972.5382915931104,949.9326029565036,970.6544640351068,14303735.0,-0.01681578652597504,60.70720225153349,955.4759826660156,964.1569323730469,29.072998046875
2024-06-24,949.883056640625,955.2866100250048,941.9512529247972,952.7087980233048,6655577.0,-0.003898923437320012,53.65086930712128,956.4283665248325,963.1869543457032,-6.42333984375
2024-06-25,946.8590698242188,954.6421280246832,941.207647566275,951.8164471531414,7304128.0,-0.0031835359050417233,70.09819934388203,960.4411228724888,962.2491223144531,-14.0294189453125
2024-06-26,943.7359008789062,954.295138828774,942.0008188083084,947.8505482808392,6908988.0,-0.003298451738855235,61.68218653944588,962.3972952706473,961.1502893066406,-34.949523925781364
2024-06-27,963.8132934570312,966.539851037088,939.9683201780524,944.3803981832984,19385412.0,0.021274376188748167,65.21347590114549,965.2033822195871,960.3544677734375,-16.45849609375
2024-06-28,981.3128662109376,989.988276748291,964.259475680253,966.6886027336844,23025267.0,0.018156600321560745,60.888050055064035,966.9895586286273,960.296875,3.8668212890626137
2024-07-01,993.5079956054688,996.9285981246818,976.8016579233964,981.3128592679302,14006105.0,0.01242736115508114,63.31979184320453,969.3195234026227,960.6014294433594,8.576232910156364
2024-07-02,972.9348754882812,996.432856444726,970.7536173314002,995.4909426366568,12284132.0,-0.020707553646460264,47.70388928016995,968.9087698800223,960.9172473144531,-4.560791015625
2024-07-03,967.3330688476562,978.9332834627838,965.201372376064,976.5537786379532,7346258.0,-0.005757637825259065,44.994271422189094,967.9845755440848,961.2816455078125,-1.6854248046875
2024-07-04,989.6907958984376,995.4413413450688,971.2493164132094,975.6118325533344,12139832.0,0.023112749652418163,54.115298428778125,968.8592006138393,961.8892248535157,19.779907226562614
2024-07-05,985.1796264648438,998.0191854089188,981.5111551173108,996.432848860458,9050375.0,-0.00455816043989643,50.085003292543234,968.8769051688058,962.1464416503907,31.57855224609375
2024-07-08,994.0532836914062,1007.9339402948004,987.707876981628,996.4328490293608,13312085.0,0.009007146502211238,55.62288685743469,970.05959211077,962.4845654296874,44.17022705078125
2024-07-09,1006.2980346679688,1008.3305472669608,989.591636784374,992.417378166752,10948094.0,0.012318002643773474,62.344079171806754,972.722416469029,962.8783923339844,59.43896484375
2024-07-10,996.9285888671876,1011.1562377097208,977.6443787995544,1006.3476058679216,13412206.0,-0.009310806021669893,58.47062650694634,974.6522521972656,963.1193176269531,53.192687988281364
2024-07-11,1012.09814453125,1016.7580913287566,998.4653568610692,999.4072706576172,11983571.0,0.015216291150100814,68.4721561564988,978.8306143624442,963.6419567871094,48.28485107421875
2024-07-12,1008.0827026367188,1017.1547275597776,1006.3476205323526,1015.1221543970596,7339644.0,-0.003967443193358511,68.34377865184405,982.9877319335938,963.9404211425781,26.769836425781136
2024-07-15,1015.7169799804688,1021.021470480752,1008.6279667964805,1012.6434302803982,5847297.0,0.007573066499188874,71.09020102249809,987.9061540876116,963.9993908691406,22.208984375
2024-07-16,1012.4451904296876,1020.823109656825,1010.5118011792482,1016.7580844757862,4824555.0,-0.003221162602641603,71.02553882784147,992.813960484096,964.2767138671875,39.510314941406364
2024-07-18,1015.8162231445312,1018.2452895909672,999.407255995808,1014.2298261118128,8010324.0,0.003329595267683505,67.72563561437732,996.5284554617746,964.5662768554688,48.483154296875
2024-07-19,981.5607299804688,1015.2708964646464,978.239311312237,1015.2708964646464,7400178.0,-0.03372213633094201,50.07582510447654,996.546160016741,964.7156420898438,-8.130065917968864
2024-07-22,994.5986328125,999.407264591944,968.225349243519,981.5607062956592,7396198.0,0.013282828493241139,50.3319301209913,996.6240626743862,964.6616540527343,9.41900634765625
2024-07-23,993.2601318359376,1000.051775238068,958.9551041549922,999.3081686220228,10384177.0,-0.001345769974343769,57.00616989145154,998.0758666992188,964.2222192382812,-0.7931518554686363
2024-07-24,1018.9392700195312,1025.433482619144,986.6668167884344,989.2941904180648,11469098.0,0.025853386600878103,65.62594252866771,1001.7620239257812,963.9741491699219,12.6412353515625
2024-07-25,1081.650146484375,1084.674195166152,1015.61790250196,1020.22828777511,32766835.0,0.06154525427569557,72.37638543423495,1008.330548967634,966.6928796386719,84.72155761718739
2024-07-26,1108.76708984375,1110.948287511759,1074.3628176929772,1102.471123652993,21232845.0,0.025069976135547734,77.09196156175258,1017.15822492327,969.8573815917969,96.6689453125
2024-07-29,1114.41845703125,1130.182941616907,1109.0644651491766,1114.41845703125,11850624.0,0.0050969831619880335,76.76369417294828,1025.7557373046875,973.4768371582031,106.33575439453125
2024-07-30,1151.94580078125,1168.9496300382175,1109.0644848362515,1116.2031811489771,28592304.0,0.03367437385232375,79.11218967788507,1036.1591491699219,978.061650390625,136.22882080078125
2024-07-31,1146.7901611328125,1157.9442605063716,1135.536938415211,1154.0774818509262,10860623.0,-0.00447559220663063,80.46768206911003,1046.8635471888952,982.3600708007813,134.3449707031249
2024-08-01,1134.64453125,1165.9751313210506,1126.8118509748078,1157.051852254818,14375948.0,-0.010590978449636301,75.22450538461158,1055.6168605259486,986.3052172851562,118.82830810546875
2024-08-02,1087.3016357421875,1110.452564556232,1080.7579216212832,1110.452564556232,21967812.0,-0.04172486995169877,63.837908181205066,1061.275355747768,989.3783935546875,105.74090576171875
2024-08-05,1007.7852172851562,1055.921337516874,1005.4056520369217,1050.9143381618326,26651144.0,-0.07313188524981262,48.89258611997639,1060.7088012695312,990.5685864257813,13.18658447265625
2024-08-06,1005.1082763671876,1051.6085009791702,999.8039067101832,1021.2197530537146,16726393.0,-0.0026562613462220996,48.973933149279546,1060.1847359793528,991.7407141113281,11.84814453125
2024-08-07,1016.559814453125,1031.332701647702,1006.3971307041668,1027.2181754059616,9978703.0,0.011393337767874323,50.10169281008544,1060.2378496442523,993.1822717285156,-2.37945556640625
2024-08-08,1032.8695068359375,1047.394645776842,1018.2452445601228,1026.1274256460497,19529790.0,0.01604400661026184,57.37914265524946,1063.9027622767858,995.1658203125,-48.7806396484375
2024-08-09,1058.994873046875,1073.718258843932,1043.0817651564107,1046.0065692367034,15443008.0,0.025293966021873615,58.92537010405212,1068.5024937220983,997.7497216796875,-49.772216796875
2024-08-12,1066.976318359375,1070.6943512572752,1046.006588609274,1055.9213430036748,11311050.0,0.007536812042853613,60.03238229851854,1073.7679356166295,1000.8805029296875,-47.442138671875
2024-08-13,1044.4697265625,1066.3318078550967,1039.2644806385213,1065.6873246299947,7508231.0,-0.02109380631004254,53.504825166375944,1075.591539655413,1003.5798754882812,-107.47607421875
2024-08-14,1053.2939453125,1057.9539526568697,1038.074820996669,1047.9895757339816,8211830.0,0.00844851557262638,45.43131254326893,1073.5660967145648,1005.9147607421875,-93.4962158203125
2024-08-16,1088.987060546875,1090.5733970962497,1060.8787551195123,1062.861706063661,11435650.0,0.033887136058477374,46.89878951010834,1072.1532374790736,1009.8808923339843,-45.657470703125
2024-08-19,1078.4278564453125,1097.5633820694336,1075.7509209984962,1096.4727832218316,6911441.0,-0.009696354056089374,44.442739683062655,1069.582480294364,1013.1224597167969,-8.873779296875
2024-08-20,1077.634765625,1088.6897418659278,1072.8261335646075,1087.648644159263,5625723.0,-0.0007354138856600079,37.057514880256335,1064.2745492117745,1016.1845935058594,69.84954833984375
2024-08-21,1075.9490966796875,1085.9630954251572,1074.0653901716564,1079.7167517551827,4869876.0,-0.0015642302931224705,37.51091097846727,1059.2144731794085,1018.5774475097656,70.84082031249989
2024-08-22,1059.3419189453125,1085.4177722535408,1055.8717547956096,1080.708263764658,9377476.0,-0.015434910244010336,36.929959231271525,1053.8357151576452,1020.5465161132812,42.7821044921875
2024-08-23,1075.899658203125,1083.2861022330906,1061.8702557351337,1063.8532067262356,10179655.0,0.01563021245708618,47.78420129951772,1053.0212881905693,1022.49080078125,43.0301513671875
2024-08-26,1083.0877685546875,1093.9443759471033,1073.6191299207858,1079.7167279346238,9415039.0,0.006681022990161933,70.35645329319762,1058.4000418526787,1024.547120361328,24.0928955078125
2024-08-27,1068.06689453125,1087.3015418552309,1065.836074839725,1083.7322545547331,8813305.0,-0.013868565835141844,65.9547377271605,1062.8970860072545,1026.3595373535156,1.090576171875
2024-08-28,1065.3900146484375,1079.419295724477,1060.9778761893203,1073.718311772255,8145376.0,-0.002506284855863239,62.95030338033878,1066.3849574497767,1027.968702392578,20.9202880859375
2024-08-29,1112.0885009765625,1132.2650028725948,1056.912866078972,1069.8516695587132,40658159.0,0.04383229210528583,68.09330558678158,1072.04345703125,1030.6605590820313,58.7945556640625
2024-08-30,1101.876220703125,1105.4951303132332,1088.0946876977607,1104.4540326754902,17647545.0,-0.009182974434561397,60.56165424746364,1075.106410435268,1033.317713623047,12.88916015625
2024-09-02,1083.335693359375,1095.5803911724167,1078.080824971728,1095.5803911724167,8116675.0,-0.016826324949565596,53.83008786430076,1076.274937220982,1035.586209716797,4.9078369140625
2024-09-03,1075.8499755859375,1090.622983845792,1072.974672604401,1088.243418584185,5088731.0,-0.006909878276256776,57.902629321872894,1078.5163835797991,1038.0311877441407,-1.7847900390625
2024-09-04,1071.2396240234375,1075.7508858275055,1062.9608280481284,1069.802033002653,4665908.0,-0.004285310839914347,54.6173391668682,1079.7982177734375,1040.458319091797,-4.70947265625
2024-09-05,1060.0360107421875,1076.5936024885143,1057.8546921154891,1071.784970720366,7900593.0,-0.01045855010401009,41.47694970341264,1077.7302856445312,1042.7218579101564,0.694091796875
2024-09-06,1040.40478515625,1063.8035826027071,1031.630251242544,1059.6890561274406,8717377.0,-0.01851939498941424,39.37379106127337,1075.0143519810267,1044.655235595703,-35.494873046875
2024-09-09,1029.845458984375,1040.999557336361,1017.5016385533957,1040.4046962968644,7206054.0,-0.010149247987444765,37.33574871413321,1071.600830078125,1045.97587890625,-53.2423095703125
2024-09-10,1026.9703369140625,1040.0577646638164,1023.4009284098388,1040.0577646638164,6919238.0,-0.002791799531890904,37.101853292477664,1068.1023472377233,1046.8890283203125,-41.0965576171875
2024-09-11,967.9774780273438,1002.926987939352,962.9705390649074,991.4754584966872,36140411.0,-0.0574435860182545,30.3308468465154,1061.5763157435827,1046.37841796875,-97.41253662109375
2024-09-12,977.7435302734376,979.577735633204,949.8334724054752,967.977460871418,25675836.0,0.010089131687233355,28.23216818806921,1054.5651637486048,1046.474591064453,-134.3449707031249
2024-09-13,983.6427612304688,997.4242940722012,979.5777361265752,986.4189408783418,13203676.0,0.006033515716929783,27.819539250656774,1047.461948939732,1046.8007849121093,-118.23345947265625
2024-09-16,979.974365234375,991.3763329820752,976.1075867487764,988.5010299527984,5836274.0,-0.0037293986604495233,29.30351917091788,1041.1696254185267,1046.606456298828,-103.361328125
2024-09-17,966.6390380859376,986.5181094959232,951.8164674533532,986.5181094959232,44516613.0,-0.013607832634732309,27.90593509932617,1034.1159842354912,1046.23564453125,-109.21093749999989
2024-09-18,953.8489379882812,975.31440553862,948.9907446257166,969.8612906012448,12044431.0,-0.01323151620586549,8.263582059662241,1022.8131583077567,1045.4315576171875,-117.39068603515625
2024-09-19,958.7567749023438,970.6049188151223,948.1975369914256,962.1278156901574,13466770.0,0.005145297875377874,11.164921999238814,1012.5903407505581,1044.480732421875,-101.27923583984375
2024-09-20,962.5739135742188,969.1672495031248,941.1085064542414,958.7567573089736,16764981.0,0.003981342058588133,14.385943312305756,1003.9644993373325,1043.7936389160157,-77.83087158203125
2024-09-23,963.515869140625,970.8528119730388,957.8148850727606,965.2013895767052,10254297.0,0.0009785799855188682,15.54137546769077,995.9406345912388,1042.821993408203,-66.32958984375
2024-09-24,968.9689331054688,976.603306078291,964.3089864455752,965.6970762642188,12755422.0,0.005659547641605034,18.78969965075669,988.6355852399554,1042.039718017578,-58.00140380859375
2024-09-25,955.3857421875,974.1246528451212,951.0728480831376,974.0255295037022,12959075.0,-0.014018190319513901,18.520710797903476,981.1605660574777,1040.8330932617187,-12.59173583984375
2024-09-26,984.6838989257812,986.468542689995,957.36870099113,962.524385599306,21640021.0,0.03066631146409904,34.16010091107991,977.1805027553013,1040.2778674316405,6.940368652343636
2024-09-27,984.53515625,991.8720990422988,980.7179998400708,987.5095827039274,10360030.0,-0.0001510562688630257,36.30919843698938,973.9440525599888,1039.65224609375,0.89239501953125
2024-09-30,966.3416137695312,988.4515051675776,963.5158723046544,984.5351648659944,12225895.0,-0.0184793223126396,33.2327984187188,969.6134294782366,1039.3478637695312,-13.63275146484375
2024-10-01,956.9721069335938,976.107570825474,950.7258237636344,968.5723816862942,10085203.0,-0.009695853621980222,45.804992355031764,968.8273315429688,1038.5953332519532,-9.666931152343864
2024-10-03,917.808837890625,942.0504247915962,917.1147929713504,930.9954492974034,24418517.0,-0.040924148947725114,31.336832942446463,964.5462820870536,1037.0863073730468,-36.04010009765625
2024-10-04,922.8157958984376,941.108530466439,912.1574345705748,922.072189294168,19187758.0,0.005455338629468898,30.95314452415022,960.2014988490513,1035.163837890625,-35.940979003906136
2024-10-07,919.9404907226562,936.3990198351664,907.2000551378665,933.9698928304592,11772546.0,-0.0031157953608520472,31.107651209665832,955.9133649553571,1031.9296447753907,-42.6334228515625
2024-10-08,911.9591064453124,916.9164836933462,886.2303064250457,908.1915118397786,21177886.0,-0.008675978889758573,32.19244521232483,952.0076555524554,1027.993485107422,-51.556762695312614
2024-10-09,931.1442260742188,940.364935983039,917.6105614961272,918.8994675238356,11557737.0,0.021037258681134485,42.901457667198194,950.3858904157366,1024.3280004882813,-37.82470703125
2024-10-10,920.5849609375,935.5562161178312,904.5726081164344,925.7902070817348,13249851.0,-0.011340096239695896,38.473064983981565,947.6593322753906,1019.7007836914063,-34.80078125
2024-10-11,922.7662353515624,929.012518732061,920.5849772067436,924.0551413642272,4459529.0,0.0023694438934143136,37.85912535531392,944.8159266880581,1015.2203051757813,-61.917663574218864
2024-10-14,920.3370971679688,931.986933840981,917.4617941235792,922.0721792256514,5740649.0,-0.0026324523920927545,36.949369661939286,941.7317286900112,1010.9341564941407,-64.19805908203125
2024-10-15,909.4804077148438,927.376527278406,905.217075431882,924.9970225347072,9058919.0,-0.011796427077136018,32.588541800647704,937.4825483049665,1007.3777319335937,-56.8612060546875
2024-10-16,899.7144165039062,915.1318477734998,892.3279122385155,909.2325566951732,10298258.0,-0.010737989656616653,33.33336987819234,933.5060250418527,1005.2163159179687,-57.2576904296875
2024-10-17,883.99951171875,907.1505004321546,882.4627368312744,907.1505004321546,13864583.0,-0.01746654771435241,17.189053291511158,926.3142830984933,1002.794140625,-33.809326171875
2024-10-18,902.3914184570312,909.8770461129952,879.2404300459751,886.6764960316732,11527914.0,0.02080533585648947,26.07569707659269,920.4468732561384,1000.5107727050781,-20.424377441406364
2024-10-21,895.5997924804688,909.8275019829782,890.4441078613514,904.2752029643668,7390557.0,-0.00752625284067443,27.930745321036383,915.3938860212054,997.7653784179688,-24.3406982421875
2024-10-22,872.002685546875,898.3759091357537,867.7889147525893,897.2853103125889,13617490.0,-0.026347825369899658,25.65345240497841,909.3246416364398,994.0255346679687,-39.956420898437386
2024-10-23,870.16845703125,878.0506384842987,855.9407479472611,871.5069246891634,10553771.0,-0.00210346659021432,32.63466179705691,905.9217572893415,990.0893774414062,-60.97576904296875
2024-10-24,872.4984130859375,882.4131677800959,867.7889046062123,867.7889046062123,7233484.0,0.002677591948847091,31.29380435552116,902.32765851702,986.649951171875,-48.0865478515625
2024-10-25,856.9322509765625,878.1994122673816,849.9919225702721,876.3652068230922,10873022.0,-0.017840905927059558,28.595527633502314,897.8270699637277,982.7227172851562,-65.83398437499989
2024-10-28,870.9616088867188,879.1908429028263,852.8671821791049,860.4519329558474,7106045.0,0.01637160685009631,36.62247342729628,894.898677280971,978.3622082519531,-49.37548828125
2024-10-29,835.56591796875,874.9770662799428,818.6612740036501,872.746246564215,26818871.0,-0.040639783150961506,21.796374054944224,888.0716552734375,973.5049694824219,-73.91448974609375
2024-10-30,833.0377197265625,846.3234549984074,830.9060232147494,838.7882654719797,12933218.0,-0.0030257316482384944,22.880852824155653,881.8182809012277,968.6130285644531,-66.67669677734375
2024-10-31,826.9401245117188,836.6565722598632,824.7588663197203,836.6565722598632,11904413.0,-0.007319710825153591,21.01949132863473,874.9735586983817,963.6328491210937,-57.05938720703125
2024-11-01,836.260009765625,840.7216494472682,832.8394072400596,840.7216494472682,2900548.0,0.011270326566157784,25.59010873459806,868.9680524553571,959.1712109375,-66.13140869140625
2024-11-04,817.0748901367188,837.2514517543018,807.5567500692857,832.8393739204421,15514419.0,-0.02294157248327966,24.409670551375314,862.367658342634,953.9947155761719,-78.52490234375
2024-11-05,828.5264892578125,836.4086707234603,813.4064885493328,814.4970873453123,10215249.0,0.014015360475926109,30.467918696752633,857.2828063964844,948.9034899902343,-43.4761962890625
2024-11-06,832.5419311523438,836.706140063708,818.9587056505674,836.706140063708,10579596.0,0.004846485835508174,34.91279790782265,853.6072649274554,944.1929907226563,-37.62652587890625
2024-11-07,812.7620239257812,835.565959943217,810.3328968992126,833.8308778549339,13237161.0,-0.023758451660428226,23.933103471780427,847.2051653180804,939.1404309082031,-59.73638916015625
2024-11-08,798.5839233398438,814.9928301405532,794.2709687692351,814.9432684704022,16072692.0,-0.017444344308134352,22.947197006727507,840.2754603794643,932.8703393554688,-58.34832763671875
2024-11-11,797.84033203125,824.3623011602191,785.2485813137766,794.1718606468877,27587619.0,-0.0009311373380569421,26.299117250978796,834.9781494140625,926.7896215820313,-73.12127685546875
2024-11-12,778.1594848632812,806.1686664026907,776.3748411513526,799.1292148943049,16526921.0,-0.024667651380649747,23.606366792669533,828.4060799734933,920.6860974121093,-57.40643310546875
2024-11-13,779.547607421875,785.8930747915717,768.9388075295049,780.2912140426272,14674022.0,0.0017838535487846308,23.191333101434893,821.7667367117746,914.7600500488281,-53.4901123046875
2024-11-14,767.699462890625,785.248591237155,765.4190813574288,779.8945993636842,11740909.0,-0.015198744013126153,23.699615169849125,815.3929661342075,908.6892468261718,-59.24066162109375
2024-11-18,765.3199462890625,775.085955549265,752.7281956053731,771.3679225037777,17053446.0,-0.0030995418345127757,16.56735059224573,807.8471330915179,902.7949255371094,-70.9400634765625
2024-11-19,776.5236206054688,793.0812734923937,765.3199596031319,765.3199596031319,14012014.0,0.01463920334329627,27.93631895263836,803.6298261369977,897.5173022460938,-40.55126953125
2024-11-21,767.2532348632812,779.2501238371019,759.718045825151,778.2586484102502,14194678.0,-0.011938317774492502,26.596135998738845,798.9309343610491,892.2654577636719,-61.27325439453125
2024-11-22,784.257080078125,787.2315064248182,768.3934728957609,768.3934728957609,14535112.0,0.022161972660661,35.90836677310165,795.8821454729352,887.4111926269532,-48.28485107421875
2024-11-25,789.809326171875,803.2934287187248,786.8845219806813,801.161732276637,15194167.0,0.007079625080588237,34.27325530935305,792.5642395019531,883.8478295898437,-22.95269775390625
2024-11-26,776.3253173828125,794.9650447010366,773.4996364105441,790.3547199297111,10310838.0,-0.01707248615867596,35.64948020175471,789.6535557338169,879.8194653320312,-22.25860595703125
2024-11-27,777.2672119140625,785.1494540553,772.458519544066,778.3578107322808,10014685.0,0.0012132729799736452,30.505292479108633,785.9921787806919,875.6919543457032,-20.5731201171875
2024-11-28,772.8055419921875,785.7938460196764,771.3678905045994,776.3252676929322,10939142.0,-0.005740200864626566,27.35816363309121,781.7252938406808,871.5485778808594,-5.35394287109375
2024-11-29,779.7459106445312,782.6707754408694,770.4260168393869,772.8551438910868,10358590.0,0.008980743893803433,36.13658590592882,779.3670000348773,867.8107153320312,0.19830322265625
2024-12-02,783.315185546875,789.9580833206958,778.3082465098792,780.5886279954074,8425826.0,0.004577484605714055,42.96161288997504,778.2763759068081,864.4000402832031,15.61572265625
2024-12-03,794.4197387695312,799.1292473613007,783.2656394732352,788.2230169382557,9874135.0,0.014176353819699727,48.56070229037432,778.0320478166852,861.1132995605469,29.09979248046875
2024-12-04,781.3817749023438,799.1292095943148,777.366311448421,798.1377341481681,12392259.0,-0.01641193342877134,51.43614156306956,778.262211390904,857.4894567871094,4.858154296875
2024-12-05,785.7938842773438,790.7017000357101,774.3423545177299,786.2400603489882,12169428.0,0.0056465475862312875,52.71083044826884,778.7083740234375,853.9350170898438,18.5406494140625
2024-12-06,809.837158203125,811.8696708297409,778.6056806509188,786.2400539333191,19716910.0,0.030597430709062623,66.53693590112101,781.7182094029018,850.7523815917968,25.580078125
2024-12-09,791.9410400390625,813.3568862116393,790.2059579482101,809.8371603588823,15573233.0,-0.022098415691088502,59.31319460340345,783.6197160993304,847.4834875488282,2.1317138671875
2024-12-10,793.0812377929688,803.5412917024274,790.6521108340297,797.9394311959878,13113082.0,0.0014397508100476575,56.231325318916696,784.8024030412946,843.6514343261719,16.75592041015625
2024-12-11,792.2880249023438,800.0711436608908,791.3957332870984,796.055680105136,7763357.0,-0.001000166001697833,60.063772969015446,786.5906023297991,839.8064916992188,15.02081298828125
2024-12-12,779.646728515625,795.1633441631574,778.8039985538156,792.387224889999,10602758.0,-0.015955430335169996,48.07931130230302,786.2612915039062,836.0725939941407,6.8411865234375
2024-12-13,783.5630493164062,785.7443074463587,768.3934867771962,782.2741433125262,14101869.0,0.005023199171549919,47.36181895518348,785.8151288713727,832.6044128417968,3.817138671875
2024-12-16,778.1099243164062,787.1819489278511,776.3252806019025,784.6536986227325,10015361.0,-0.006959395296597282,50.80860200542368,785.9426007952009,829.8104345703125,-5.20526123046875
2024-12-17,773.1029663085938,789.561434235671,771.3678843066186,778.8039500293688,10270253.0,-0.0064347694989383974,48.18022414393692,785.6451546805246,826.8161779785156,-21.3167724609375
2024-12-18,749.2579956054688,767.6498527548081,747.5724752691318,767.4019838969602,19085263.0,-0.03084320167206156,41.20045160628144,783.9631870814732,823.4025280761718,-32.123779296875
2024-12-19,737.7073364257812,749.3571735942684,735.0799626498908,738.1039508332066,17119599.0,-0.015416130688540086,34.81375484519626,780.960431780134,819.9174926757812,-48.0865478515625
2024-12-20,717.8778076171875,743.1604323017591,715.3495572517025,737.9551860431709,17962656.0,-0.026879939820943832,28.84617054138758,776.2863333565848,815.6521643066407,-91.9593505859375
2024-12-23,716.0435791015625,728.1395916440009,711.5819395952018,727.4455467289285,9653868.0,-0.0025550706487407204,23.048081358960275,770.6880362374442,811.5613366699218,-75.8974609375
2024-12-24,729.8250732421875,738.946659718917,716.3410309825773,717.3325064579857,12553555.0,0.019246725398916364,32.36093158454153,767.0054146902902,807.7025134277344,-63.25616455078125
2024-12-26,734.4849853515625,741.4253133512678,729.2797393517834,729.825038734503,9343210.0,0.006384971248896365,32.475427094299505,763.3404933384487,803.9854711914063,-57.80303955078125
2024-12-27,744.1023559570312,760.3129560280986,739.3432857034496,742.6151427206082,15835079.0,0.01309403295816236,25.09392397557768,758.6451503208706,800.67791015625,-35.54437255859375
2024-12-30,727.39599609375,748.4648496378321,724.471131381129,747.4733741769342,17441198.0,-0.022451695965663543,25.322221122845406,754.0347900390625,797.2315417480469,-56.16705322265625
2024-12-31,733.840576171875,737.0628713740492,726.5036336594424,727.3959857675264,7092699.0,0.0088597959196004,28.233151755859396,749.8033142089844,794.2283630371094,-44.26934814453125
2025-01-01,742.8629760742188,744.6971814388289,729.7259264472806,734.1380042740165,7792251.0,0.012294768367006492,32.87529574574452,746.272953578404,791.0377941894532,-30.239990234375
2025-01-02,758.5283203125,760.8087018629562,742.9621428361233,752.8273361789284,15294572.0,0.021087797807702424,42.83311542941984,744.7644958496094,788.2963647460938,9.27032470703125
2025-01-03,783.6622314453125,793.7752327725966,754.9590046414553,761.4531568317751,24773025.0,0.03313509919109903,50.029422021142565,744.7715802873884,786.5295556640625,45.95489501953125
2025-01-06,769.6328125,790.899972851764,758.7761442979945,790.899972851764,16948151.0,-0.017902379854951023,47.6070544590705,744.1660723005023,784.5188427734375,51.7550048828125
2025-01-07,786.4879150390625,790.1563863738587,765.9147990768053,769.3849632150174,15547971.0,0.021900187031153262,53.541454913181475,745.1221400669643,782.7986328125,70.4443359375
2025-01-08,788.1734008789062,790.2059133963394,774.9867898348623,785.8433973222109,11861066.0,0.00214305370446799,61.66418475655937,747.9018118722098,781.4234558105469,58.34832763671875
2025-01-09,773.4500122070312,803.0951538193957,762.8908344564712,793.1803988339711,17948464.0,-0.018680392735223816,60.513261321349525,750.4548601422991,779.4732238769532,38.96502685546875
2025-01-10,768.0465087890625,781.2331206387856,760.2633899216,773.4004401000371,11144005.0,-0.006986234834426952,66.12493408497389,754.0383387974331,778.1228356933593,23.94415283203125
2025-01-13,744.5980834960938,766.9558434075516,742.4168253429333,762.4446420885433,12230175.0,-0.03052995492413424,58.058199784144136,756.0779462541852,776.35404296875,17.20208740234375
2025-01-14,763.9318237304688,772.3593649396952,745.0937904392566,745.0937904392566,11377053.0,0.025965337089773,59.332607618800125,758.514142717634,775.093876953125,30.09124755859375
2025-01-15,757.0906372070312,778.3082362613743,749.6050095854511,764.4275798184964,10500910.0,-0.008955231750956916,56.11260215562015,760.1288321358817,773.5104895019531,14.2276611328125
2025-01-16,767.7490234375,774.3423596687935,760.8086949897644,763.3370059076145,8680163.0,0.014078084850960959,56.35829811676856,761.8178798130581,772.5239721679687,9.220703125
2025-01-17,773.1029663085938,778.8039500293688,765.6669005858436,767.3028592507917,7007239.0,0.006973558686043102,63.089140947072096,765.0826633998325,771.4155017089844,-10.55926513671875
2025-01-20,767.7490234375,776.3253106538609,760.4617027733223,773.3508841762599,9956101.0,-0.006925264944536047,59.771426199486555,767.5046953473773,770.1196435546875,-1.8837890625
2025-01-21,754.2649536132812,779.9441921453295,751.9350104962001,768.3934788699218,11657178.0,-0.017563122078417703,53.20334529322073,768.3191223144531,768.9497021484375,-32.22296142578125
2025-01-22,736.4183959960938,758.9249009824198,724.76855937145,757.6359949907503,12418474.0,-0.023660860194675837,43.86350430868733,766.7398420061384,767.7063916015625,-51.7550048828125
2025-01-23,746.0852661132812,753.2239013604598,733.4935159642782,736.4183806055012,7916689.0,0.01312687212832575,38.591192665582724,764.0557730538504,766.6712902832031,-27.36474609375
2025-01-24,727.8421020507812,747.7212331917888,725.9583350088074,743.656147546744,9513166.0,-0.024451848724392433,37.62840047831379,761.0707223074777,765.6649426269531,-40.20440673828125
2025-01-27,706.9715576171875,726.7019432808565,703.2535246791739,726.7019432808565,14123990.0,-0.02867454956890858,27.00685842972669,755.3909824916294,764.2134216308593,-37.62652587890625
2025-01-28,722.0419921875,734.5345585775916,701.4688767218074,710.3921557189753,16104653.0,0.02131688949567745,32.25119081980232,750.6673104422433,763.3002722167969,-41.88983154296875
2025-01-29,746.0852661132812,748.5639547050198,720.3564664280642,725.264281942678,12461404.0,0.03329899671477521,43.00556691625539,748.7126857212612,762.9155786132812,-11.00537109375
2025-01-30,690.90966796875,704.6416397539092,677.3760638985542,702.9561193253331,59390998.0,-0.07395347509268957,34.282815550015016,743.2029113769531,761.2032995605468,-76.83935546875
2025-01-31,709.9955444335938,710.887896543148,690.5130881803434,699.981666610129,19157717.0,0.027624271811039325,42.82187168586648,740.7313014439175,760.0581457519531,-63.107421875
2025-02-01,700.5269775390625,718.5718431010749,694.9251774719576,713.3665969109671,14087493.0,-0.013336093400536653,36.285649785536904,736.2023838588169,758.3835437011719,-67.2220458984375
2025-02-03,681.58984375,694.0328491569122,680.152192173774,694.0328491569122,17806760.0,-0.02703269737817704,34.48135700387273,730.8094700404575,756.2191540527343,-72.67510986328125
2025-02-04,704.4928588867188,707.2689780043103,687.8360836663117,690.3643339249243,16792005.0,0.033602342151564324,37.62124772554137,726.2911725725446,754.7825048828125,-31.925537109375
2025-02-05,710.9374389648438,719.2658567123384,704.6415942435423,704.9390247670548,12907325.0,0.009147828820165849,37.886385206575596,721.8507777622768,753.4559094238281,-35.1478271484375
2025-02-06,703.6005859375,717.2333735423882,702.1133727442394,716.8367591515748,10016927.0,-0.010319969979392996,37.59585112113297,717.2687465122768,752.0718103027343,-24.24151611328125
2025-02-07,700.7252807617188,709.8468670889677,697.1063711298389,704.939051463151,12259132.0,-0.004086558813691243,39.20430826365888,713.4444841657366,750.4913977050782,-6.24627685546875
2025-02-10,690.06689453125,703.8484271193545,687.1420299299061,703.6996815999349,10981963.0,-0.015210506204204055,40.37470344870242,710.1336626325335,748.6264318847657,-31.97509765625
2025-02-11,671.9724731445312,691.0583751851542,669.3450390472816,690.0668997544725,11939990.0,-0.026221256997134956,35.13028378573651,704.8398917061942,746.1774865722656,-74.11279296875
2025-02-12,678.5162353515625,681.6889690598305,661.3637212759057,674.2033411253087,12312424.0,0.009738140278885865,39.61594592281759,701.3166155133929,744.12017578125,-12.3934326171875
2025-02-13,678.0204467773438,687.2412166634488,673.5588073543347,678.5161844910115,8490769.0,-0.000730695226418332,43.33332302649018,699.2486790248325,741.96470703125,-31.97509765625
2025-02-14,674.8477783203125,685.0599631869699,663.44581082995,680.1025860172471,9968127.0,-0.004679310885255861,38.50240916631128,695.877663748605,739.2649194335937,-25.67919921875
2025-02-17,680.7470092773438,684.8120948686376,661.3636766314102,672.2203447446382,10313575.0,0.008741572761363114,32.53839262819781,691.2106454031808,737.0410388183594,-0.84283447265625
2025-02-18,676.5828857421875,682.085562504289,666.4202621625473,680.7470343092738,7810143.0,-0.006116991302799413,44.735886038761535,690.1873038155692,734.7110717773437,-27.90997314453125
2025-02-19,675.1947631835938,685.0599557471772,669.2954723127186,675.9383697509766,9986815.0,-0.002051666673582808,35.30148434962388,687.7015337262835,732.3692065429688,-35.74267578125
2025-02-20,683.9197387695312,686.9437267247812,669.245914524412,674.2032916690373,8673335.0,0.01292216122174672,42.94140201215427,686.5153023856027,730.4546667480469,-19.68084716796875
2025-02-21,667.4613037109375,684.1180796338326,665.3791688987877,680.1521777229118,14577524.0,-0.024064863354002375,43.865673508673,685.506120954241,728.1326318359374,-33.26397705078125
2025-02-24,662.553466796875,670.8322625651236,660.3226470433502,664.2885488273944,8861769.0,-0.007352990932621872,28.418354174741182,682.5104500906808,725.8215026855469,-27.513427734375
2025-02-25,655.9601440429688,666.7672508273788,654.3738075034498,662.0577423642858,10251257.0,-0.009951382166607292,21.75240532369949,678.583500453404,723.4786462402344,-16.0123291015625
2025-02-27,643.0214233398438,659.3312074157317,640.1461806991284,656.3567809161118,12281857.0,-0.01972485801252799,20.568379887804312,674.2564174107143,721.3539147949218,-35.49481201171875
2025-02-28,615.3592529296875,639.5016555656409,613.1779948697479,639.5016555656409,20477619.0,-0.043019049453250524,16.576071241317436,668.1588439941406,718.906953125,-62.66119384765625
2025-03-03,615.85498046875,621.506341942879,601.1315341936396,615.3592427594505,18362700.0,0.0008055904525727797,18.431022700600906,662.8579929896763,716.8664965820312,-58.9927978515625
2025-03-04,613.921630859375,623.7868240131002,607.7744707649789,608.2206468350705,11878225.0,-0.003139293617311467,21.369178816615005,658.7115042550223,714.8240576171875,-66.82537841796875
2025-03-05,635.3374633789062,636.1306316448256,613.3266960392026,613.7233104295921,12373061.0,0.034883658504674564,31.428533926269736,655.6273062569754,712.9343054199219,-41.24542236328125
2025-03-06,634.1973266601562,650.3583651786231,630.181802480363,647.6813692303816,16991501.0,-0.0017945372097002421,31.255293175341293,652.4970833914621,710.9285522460938,-40.9974365234375
2025-03-07,642.7735595703125,645.9462932980798,629.5869474202314,634.5443249589733,10123450.0,0.013522972345722195,36.88688219094951,650.2060677664621,708.9019763183594,-41.14617919921875
2025-03-10,642.6248168945312,648.672792743206,637.8656864724546,642.7735018984355,10309166.0,-0.00023140758291406716,33.64524450672893,647.4830540248325,707.206552734375,-24.83648681640625
2025-03-11,642.525634765625,645.5992448810244,633.0074949256787,634.5442697259498,9534750.0,-0.000154339089152411,34.861127841824754,645.0503932407925,705.38025390625,-20.02783203125
2025-03-12,662.60302734375,666.1723752522585,646.6898585652017,648.9206783149474,18732785.0,0.031247613311877753,45.20029798201406,644.1509835379464,703.7750549316406,6.64288330078125
2025-03-13,649.9121704101562,666.1227701343511,644.0624409327859,664.9330479825593,14004345.0,-0.019153031920890795,37.417460819294526,641.7218715122768,701.6027319335938,6.8907470703125
2025-03-17,655.4148559570312,660.7688477713624,651.8455684240512,659.3807578891696,9174398.0,0.008466814128749611,45.14968782577026,640.8614109584263,699.0377844238282,40.05560302734375
2025-03-18,655.4148559570312,655.4148559570312,655.4148559570312,655.4148559570312,0.0,0.0,47.00748289189746,640.3515101841518,696.7534252929687,39.55987548828125
2025-03-19,676.4341430664062,679.9043072301768,672.7656717045911,679.5573150197439,9338414.0,0.03207020243488801,57.65667555029659,641.8139386858259,694.5523498535156,62.51251220703125
2025-03-20,684.1676025390625,686.7950366121185,673.2118112338832,679.1606637631958,9712600.0,0.011432686466119169,66.01080245081019,644.75295148577,692.4722338867188,48.83013916015625
2025-03-21,696.9577026367188,698.9902152731934,682.6804314805133,687.0925094813092,14823483.0,0.018694396007922665,85.90754507281106,650.5814121791294,690.9423876953125,62.7603759765625
2025-03-24,707.417724609375,711.3836263591122,696.0653187477806,703.947560578355,11671359.0,0.015008115891515406,87.04375722891626,657.1216081891741,689.7298120117188,64.6441650390625
2025-03-25,704.2449951171875,716.8863070164654,700.3286550140474,712.8708435749605,13617465.0,-0.004484944866117724,86.17951651704513,663.5732770647321,688.9227502441406,61.62017822265625
2025-03-26,702.2125244140625,711.7306650289789,700.9731800363462,704.2450370905449,9363180.0,-0.0028860278982696386,81.711385212751,668.3500671386719,687.6883642578125,59.6868896484375
2025-03-27,662.8508911132812,670.8322562758707,655.464387006778,662.3055917260593,34238666.0,-0.05605373292597593,59.97236813260577,670.396750313895,685.8035693359375,0.24786376953125
2025-03-28,668.7006225585938,679.1111146777783,663.5944998370503,666.1227501058806,16013687.0,0.008825109121431085,59.198019343190715,672.2486833844866,683.8226013183594,18.7884521484375
2025-04-01,666.1227416992188,676.0374959733151,660.074765797963,664.8338357465577,9594669.0,-0.0038550597568033362,58.19500096213939,673.9271065848214,681.6829968261719,10.7078857421875
2025-04-02,666.17236328125,669.5929050908401,656.4558556895187,669.1963512291487,8025225.0,7.449315107410648e-05,58.24974873515834,675.6161586216518,679.6514636230469,10.75750732421875
2025-04-03,648.3753662109375,663.297059252587,646.9377147418729,654.3737804285612,13473832.0,-0.026715303803137247,44.956070691954764,674.5998971121652,677.533671875,-28.05877685546875
2025-04-04,608.6171875,644.4590496193915,604.8000311812751,644.4590496193915,26621179.0,-0.061319693472134285,37.71748826985701,671.6502554757254,674.9776477050781,-75.5504150390625
2025-04-07,574.8079223632812,577.038742243087,531.1830002693022,555.7220189471655,49463598.0,-0.05555095358972051,29.480075226755474,665.8926173618862,671.5521008300781,-122.1497802734375
2025-04-08,583.830322265625,601.4290123392776,579.2199975129937,586.160325992744,20987855.0,0.01569637360815901,32.577223963085444,660.7794363839286,668.671865234375,-123.58740234375
2025-04-09,577.9310913085938,589.8287972705629,576.0968253305398,582.9875921364859,17483412.0,-0.010104358633067467,24.120874891761005,653.7435041155134,666.0910559082031,-126.31390380859375
2025-04-11,589.9774780273438,607.5761679690513,585.9620143971376,604.8000487009374,21055814.0,0.020843984516343728,25.802356587805363,647.0156380789621,663.449765625,-112.23504638671875
2025-04-15,616.8960571289062,622.9440333643926,607.4274783768517,608.7659460718796,19722072.0,0.04562645203265703,30.82402892893022,641.2969491141183,660.8659814453125,-45.954833984375
2025-04-16,610.7984619140625,619.6721796293267,608.3693348669433,619.6721796293267,12318376.0,-0.009884315427825197,26.364306894770323,634.3955732073102,659.2637573242188,-57.90216064453125
2025-04-17,616.2515869140625,621.655140509502,603.0649748244092,610.7984716464354,14342652.0,0.008927863018697746,28.7119344431936,628.11032976423,657.3888781738282,-49.87115478515625
2025-04-21,624.6790771484375,630.3304991533739,614.9130684536163,619.2755239988504,12785568.0,0.013675405326867285,31.805478689212094,622.5722263881138,655.8719201660156,-41.4932861328125
2025-04-22,625.4722900390625,628.5459003737534,620.8619653093184,624.877428949696,10292748.0,0.0012697926337565946,39.289780388478086,619.902326311384,654.7495690917968,-22.903076171875
2025-04-23,654.274658203125,655.8609946797028,627.9509372156591,630.52880963367,23390570.0,0.04604899149451325,46.346975433832895,618.8719002859933,653.745205078125,45.657470703125
2025-04-24,662.652587890625,665.2800220195966,654.4729154887447,654.4729154887447,15172229.0,0.012804912405607771,49.14634362405547,618.6240321568081,652.7795080566407,87.84466552734375
2025-04-25,649.664306640625,667.262996366487,645.9462735999499,662.6526111901056,13207043.0,-0.01960043843085968,46.182067342466596,617.4448852539062,651.7007824707031,65.833984375
2025-04-28,662.454345703125,663.8919366928257,646.9872923840232,648.7223744204224,10243493.0,0.01968715062804738,53.33334296713333,618.4505266462054,650.9353637695312,84.52325439453125
2025-04-29,659.926025390625,677.0785988295858,655.960123650261,665.7261929948222,13754685.0,-0.0038165955569609,64.74779882290446,622.1154436383929,650.3325463867187,69.94854736328125
2025-04-30,638.758056640625,661.3141230567278,635.6348847770673,661.3141230567278,19485917.0,-0.032076275121094344,69.82176362709714,626.6833103724888,649.6682580566406,21.86199951171875
2025-05-02,643.5667114257812,655.7122860852922,630.1322307421106,635.5357842242122,11488717.0,0.007528131716171282,69.01231704412697,630.9501953125,648.969267578125,32.76824951171875
2025-05-05,655.9105834960938,660.9671446898337,650.2591612277304,657.2986733566953,8868484.0,0.019180407953303558,73.8405494752383,636.5201590401786,648.5270703125,39.65899658203125
2025-05-06,642.6743774414062,657.5465086973095,639.9973817123722,655.9105500532173,12718175.0,-0.020179894009541233,65.99457724279695,640.2842232840402,647.8836022949218,17.99530029296875
2025-05-07,674.500732421875,676.6819905015551,635.6845050998219,636.527235021243,30390515.0,0.04952174242137164,66.97836407432527,644.3988429478237,647.7586767578125,49.0284423828125
2025-05-08,677.0289916992188,698.494459552152,671.4271916753173,694.032819995041,29315465.0,0.003748341782025655,69.94029603903084,649.1295950753348,647.7675988769531,22.75433349609375
2025-05-09,702.4603881835938,704.9390769210095,660.3226796475278,661.8098928899772,40183276.0,0.037563231111487294,73.16813685496166,655.2873665945871,648.3129113769531,39.80780029296875
2025-05-12,714.655517578125,725.7600551145438,705.1373771268295,721.7941531740272,20133616.0,0.017360593707020477,73.70071428158013,661.7142551967075,648.927626953125,64.9912109375
2025-05-13,701.6671752929688,719.8111635946559,697.2550975178261,714.6554792455518,16125700.0,-0.01817426993241733,68.85889497891554,667.1567470005581,649.6117443847656,39.21282958984375
2025-05-14,692.9917602539062,701.9646007452061,680.152141400016,684.1180430991416,31505402.0,-0.012364002969698862,60.64322322344492,669.9222542898996,650.2205102539062,33.06573486328125
2025-05-15,721.8932495117188,723.5787698763579,690.2156573587393,692.7934693176989,28634074.0,0.04170538657952183,64.63384737300609,674.1537301199777,651.5391723632813,83.13519287109375
2025-05-16,724.4711303710938,735.6747909606493,719.365007548644,723.7770854464609,20631512.0,0.003571000090551779,69.48101180112515,679.497074672154,653.1681665039063,80.9044189453125
2025-05-19,723.2813720703125,731.8080371033051,721.7941588309629,725.7600608025616,10460217.0,-0.0016422439085623797,66.85902090160634,683.8418622698102,655.3266088867188,67.37078857421875
2025-05-20,712.771728515625,731.461016628832,710.8879009459472,723.7770818557063,14472506.0,-0.01453050494664998,64.02632949977061,687.6165553501675,657.2649438476562,70.09735107421875
2025-05-21,720.6043701171875,723.2813660286276,711.8793979555238,712.8708734401415,8998596.0,0.010988990287078781,73.37864347137211,693.4627205984933,659.3985986328125,46.1036376953125
2025-05-22,711.3341064453125,718.819734334374,704.5920851779763,718.819734334374,10046820.0,-0.012864567655019088,68.87601210049381,698.3032488141741,660.9185314941407,34.30511474609375
2025-05-23,712.1272583007812,715.6469841260622,708.9049630143523,712.6229960371548,7915166.0,0.0011150201407217342,66.73554304652608,702.3187255859375,662.4771301269532,9.6668701171875
2025-05-26,722.7855834960938,731.7088623046875,715.052087298284,715.8452555338542,13017400.0,0.014966882774217316,74.22062819194598,708.0409545898438,664.0773706054688,8.13006591796875
2025-05-27,710.3425903320312,723.1325871854511,709.1032460333554,722.7855949877653,12223125.0,-0.017215331141327006,62.27505532034798,710.6010872977121,665.4317260742188,8.6754150390625
2025-05-28,711.829833984375,715.8452975811308,710.0947518918999,713.8623466183021,7568961.0,0.002093699114463332,62.00412561091506,713.0868617466518,666.8178100585938,18.83807373046875
2025-05-29,718.2744140625,722.4881847966128,713.8623361320452,718.3239757328705,8838921.0,0.009053540285115957,56.27705816484894,714.2164350237165,667.9312377929688,-3.61883544921875
2025-05-30,713.3665771484375,722.3394177531703,706.4262490872296,718.2743926661204,14533919.0,-0.0068328160073309885,49.45696614871279,714.1243678501675,669.2003259277344,-11.10455322265625
2025-06-02,705.533935546875,712.8708783899344,701.3697868944558,710.8879274069304,9712446.0,-0.01097982699564104,51.70306052500705,714.4005650111607,670.2027075195313,-17.7474365234375
2025-06-03,697.8499755859375,712.226369699715,696.3132007319193,708.904951127648,9161608.0,-0.010890985640515605,52.158584956265315,714.74758039202,671.0514099121094,-14.9217529296875
2025-06-04,709.1500244140625,715.4500122070312,698.4000244140625,701.7999877929688,11287991.0,0.016192662066996766,43.288162335270094,713.8373500279018,671.7057275390625,-11.454345703125
2025-06-05,710.1500244140625,714.4500122070312,704.0,712.7999877929688,10203331.0,0.0014101388501344125,42.32960247715425,712.8144138881138,672.2253759765625,-1.18408203125
2025-06-06,711.0,715.9000244140625,701.2000122070312,710.0,11975812.0,0.0011968958061203683,43.39805634117052,711.9371730259487,672.5062219238281,-1.12725830078125
2025-06-09,717.7999877929688,726.0,713.0999755859375,715.0,9900412.0,0.009563977205300667,52.81525966902938,712.2963344029018,672.7138671875,-4.985595703125
2025-06-10,732.25,734.75,715.3499755859375,721.0,19151889.0,0.020130973046490253,56.07042638889773,713.1281651088169,673.2739672851562,21.90740966796875
2025-06-11,736.4000244140625,744.0,730.1500244140625,734.9500122070312,12626754.0,0.0056674966392114,63.80269950526995,714.9185878208706,673.9577172851563,24.5701904296875
2025-06-12,715.3499755859375,737.7000122070312,711.25,737.0,12585149.0,-0.028585073506582348,51.45092052018912,715.1487819126675,675.0076989746094,-2.9244384765625
2025-06-13,712.0499877929688,714.9500122070312,698.2999877929688,700.0,10516625.0,-0.004613109534624349,44.82369144384082,714.3819536481585,675.8746862792968,-1.31658935546875
2025-06-16,686.6500244140625,714.0,672.9500122070312,711.0,31246328.0,-0.03567160145263759,39.84514180684635,712.6896275111607,676.2852319335938,-18.8839111328125
2025-06-17,674.75,686.1500244140625,672.0,686.0999755859375,17112867.0,-0.017330552670142385,35.40957778951919,710.0410679408482,676.4567846679688,-23.0999755859375
2025-06-18,670.25,679.3499755859375,668.0,671.8499755859375,12556088.0,-0.006669136717302737,30.80935006146221,706.6107526506696,676.89427734375,-38.9000244140625
2025-06-19,672.2999877929688,676.2999877929688,666.6500244140625,670.25,10895470.0,0.003058542026062927,33.206137927144184,703.6774248395648,678.1679333496094,-37.85003662109375
2025-06-20,676.2000122070312,678.7999877929688,670.0999755859375,673.4000244140625,11393470.0,0.005801018124164337,37.60545908906867,701.5821446010044,680.1957751464844,-34.79998779296875
2025-06-23,671.25,676.0,666.0999755859375,670.0,10265601.0,-0.007320337352368589,38.49482996760282,699.682146344866,681.9441687011719,-46.54998779296875
2025-06-24,673.6500244140625,686.5,672.0,678.0,15359947.0,0.003575455365456337,33.36458498982367,697.1464320591518,683.8585473632812,-58.5999755859375
2025-06-25,674.5,679.0,673.4500122070312,676.0,10456015.0,0.0012617465377171566,33.2707611089089,694.6000017438616,685.5489978027343,-61.9000244140625
2025-06-26,682.75,683.7000122070312,674.4500122070312,677.0,10104914.0,0.01223128243143079,37.6042203413253,692.5821446010044,686.8660766601563,-32.5999755859375
2025-06-27,686.9000244140625,691.4500122070312,683.0,685.0,7198028.0,0.00607839533366894,36.118628536457365,690.375004359654,688.3881079101562,-25.14996337890625
2025-06-30,688.0,691.9000244140625,685.0,688.9000244140625,6960104.0,0.0016013619840467008,27.41196176005444,687.2142900739398,689.823076171875,1.3499755859375
2025-07-01,683.7999877929688,693.8499755859375,680.4000244140625,691.0999755859375,6866073.0,-0.006104668905568711,23.163263336017636,683.4571446010044,691.0054943847656,9.04998779296875
2025-07-02,688.5499877929688,692.4500122070312,680.6500244140625,683.7999877929688,8034013.0,0.00694647570166107,33.59854113298266,681.5428597586496,692.2670483398438,18.29998779296875
2025-07-03,690.4000244140625,696.9500122070312,688.5,693.8499755859375,9668110.0,0.002686858839433981,36.51093650295061,679.9964338030134,692.9895556640626,18.10003662109375
2025-07-04,689.0499877929688,692.8499755859375,686.3499755859375,691.0,4942900.0,-0.001955441154915194,52.13519363411358,680.1678597586496,693.5175036621093,12.8499755859375
2025-07-07,688.8499755859375,691.9500122070312,683.3499755859375,689.0499877929688,5428220.0,-0.00029027241938117676,65.84262573893483,681.1750008719308,694.3012170410157,17.5999755859375
2025-07-08,693.2000122070312,696.9500122070312,687.5,693.0,7615926.0,0.006314926000241972,75.87365286189865,682.8142874581473,694.9161303710938,19.54998779296875
2025-07-09,692.7999877929688,695.5,688.5,688.9500122070312,5478813.0,-0.00057706925420975,74.00457404230988,684.2785731724331,695.5736096191406,18.29998779296875
2025-07-10,695.5999755859375,696.75,685.0,692.0,7733963.0,0.004041552890161837,73.31717472860734,685.664284842355,696.7104479980469,12.8499755859375
2025-07-11,681.7999877929688,698.4000244140625,677.0499877929688,692.9500122070312,8280654.0,-0.01983897107147592,60.45585700027222,686.4178553989956,697.4751135253906,-5.10003662109375
2025-07-14,674.5,681.0,672.0,681.0,7748550.0,-0.010706934472966556,50.767817602794715,686.4785679408482,697.8469018554688,-13.5
2025-07-15,684.4000244140625,685.9500122070312,674.2999877929688,676.0,7041706.0,0.014677575113509977,57.68633687538621,687.1857125418527,698.6814147949219,0.60003662109375
2025-07-16,679.0,684.4000244140625,676.3499755859375,684.4000244140625,6244205.0,-0.007890158125996027,46.95370464024561,686.9178553989956,698.7714001464843,-9.54998779296875
2025-07-17,681.7000122070312,686.9000244140625,678.1500244140625,679.0,6598144.0,0.003976453913153488,45.67387813921463,686.5464259556362,698.8648205566407,-8.70001220703125
2025-07-18,680.25,686.0,678.0,683.2000122070312,5558670.0,-0.002127053221455566,43.58976430106138,685.9928545270648,698.4206127929688,-8.79998779296875
2025-07-21,687.4500122070312,688.5,671.25,680.5,6731863.0,0.010584361936098796,52.87629092084404,686.2535705566406,697.8765026855468,-1.39996337890625
2025-07-22,673.4000244140625,688.8499755859375,672.3499755859375,688.0,7749518.0,-0.020437831905569137,39.58768024202581,685.1714303152902,697.3111596679687,-19.79998779296875
2025-07-23,690.0999755859375,693.0999755859375,676.25,676.7000122070312,14460727.0,0.02479945139058448,49.82873944427413,685.1499982561384,697.2533239746094,-2.70001220703125
2025-07-24,700.5,706.5,692.2999877929688,692.7000122070312,15197664.0,0.015070315580336446,55.92343615311506,685.9678562709263,696.825458984375,4.9000244140625
2025-07-25,687.4000244140625,702.4500122070312,684.7000122070312,701.0,7271718.0,-0.018700893056299073,49.33822431510284,685.8642883300781,696.0840368652343,5.60003662109375
2025-07-28,682.9000244140625,700.5,681.4000244140625,690.7000122070312,7788718.0,-0.006546406517567105,45.30538439069172,685.1285749162946,695.2764099121093,8.4000244140625
2025-07-29,692.3499755859375,694.0,680.5999755859375,681.9000244140625,6239871.0,0.013837971641578406,49.81052107859841,685.096431187221,694.8679748535156,7.949951171875
2025-07-30,668.4500122070312,690.0,665.25,690.0,18923129.0,-0.034520060983146084,40.29317841697796,683.1571480887277,693.8248876953126,-10.54998779296875
2025-07-31,665.9500122070312,673.4000244140625,652.3499755859375,659.8499755859375,18723710.0,-0.003739995443706734,43.83508960849166,682.0250069754464,692.9172058105469,-15.75
2025-08-01,648.8499755859375,667.9500122070312,647.0,667.9500122070312,12546169.0,-0.025677657943758203,40.73002206706942,680.1928623744419,691.65166015625,-31.4000244140625
2025-08-04,653.5999755859375,656.7999877929688,646.0,650.0499877929688,8033881.0,0.007320644492142536,38.43841587134591,677.9928588867188,690.2679479980469,-33.85003662109375
2025-08-05,654.5999755859375,658.9000244140625,650.5499877929688,655.9500122070312,6714804.0,0.001529987817247891,40.52793544675579,676.25,689.153095703125,-18.800048828125
2025-08-06,652.8499755859375,658.0,650.4000244140625,655.0,6410830.0,-0.002673388428457435,38.717224910762575,674.1892830984933,687.9734985351563,-37.25
2025-08-07,646.5,651.7000122070312,635.5,650.0,13609913.0,-0.009726546409438597,37.288123904009886,671.778568812779,686.5380102539062,-54.0
2025-08-08,633.7000122070312,652.9500122070312,630.0,647.9500122070312,10144452.0,-0.019798898364994155,30.574608995184235,667.9392830984933,684.9446789550781,-53.70001220703125
2025-08-11,653.75,655.0,627.0999755859375,636.2000122070312,17275390.0,0.031639557214365954,43.19361123842931,666.5357099260602,683.9090002441407,-29.1500244140625
2025-08-12,654.0999755859375,660.9500122070312,650.7999877929688,651.0999755859375,11212223.0,0.0005353355043020702,35.937486588942136,663.9642813546317,683.0340002441407,-38.25
2025-08-13,663.75,667.0,656.6500244140625,657.2000122070312,7557556.0,0.014753133732221979,35.55990756222714,661.3392813546317,682.1259997558594,-4.70001220703125
2025-08-14,664.5999755859375,666.5499877929688,657.7000122070312,666.0,6250494.0,0.001280565854519855,40.08692476957877,659.7107064383371,681.2149987792968,-1.35003662109375
2025-08-18,676.0,685.0,672.9000244140625,677.0,14226172.0,0.017153212207105195,47.169799039459086,659.2178475516183,680.5149987792969,27.1500244140625
2025-08-19,700.25,703.3499755859375,673.0999755859375,676.75,19440384.0,0.03587278106508873,52.88954909871536,659.7821350097656,680.1639990234376,46.6500244140625
2025-08-20,689.5999755859375,700.7999877929688,689.0,700.25,10050137.0,-0.015208888845501645,58.56620546275718,661.2928466796875,679.3109985351563,35.0
2025-08-21,685.4000244140625,694.9500122070312,685.0,694.0,8432614.0,-0.006090416648153685,57.7706823405709,662.682133265904,678.2909985351563,32.550048828125
2025-08-22,680.2999877929688,691.5,678.5999755859375,685.9000244140625,6429718.0,-0.007440963582476812,63.89749111173564,664.9285627092634,677.5899987792968,33.79998779296875
2025-08-25,686.7999877929688,688.9000244140625,680.2999877929688,683.75,6429311.0,0.00955460843250533,64.4473554345476,667.2999921526227,677.0849987792968,53.0999755859375
2025-08-26,681.6500244140625,686.9500122070312,678.2999877929688,686.7999877929688,7496633.0,-0.007498490783984457,61.36080028136174,669.2321384974888,676.9849987792969,27.9000244140625
2025-08-28,675.4500122070312,680.9000244140625,667.7999877929688,679.9000244140625,9466045.0,-0.009095594491265069,59.149816919151355,670.8464268275669,676.9989990234375,21.35003662109375
2025-08-29,669.0,681.1500244140625,668.0,675.4500122070312,8201917.0,-0.009549207329134335,59.10194354543219,672.4535696847098,676.9739990234375,5.25
2025-09-01,690.1500244140625,691.5,670.5499877929688,671.2999877929688,7644947.0,0.031614386269151806,71.39068093395113,676.4857134137835,677.3309997558594,25.550048828125
2025-09-02,684.4000244140625,694.6500244140625,681.6500244140625,690.1500244140625,7854694.0,-0.008331521838142009,63.02593202454064,678.6750008719308,677.495,8.4000244140625
2025-09-03,692.0499877929688,693.4500122070312,685.0,688.0,6094892.0,0.01117761996787725,65.18607783092946,681.3857160295759,677.9109997558594,-8.20001220703125
2025-09-04,687.5,706.3499755859375,685.7000122070312,705.9000244140625,13439418.0,-0.006574651937324982,59.90822062494716,683.0821446010044,678.1879992675781,-2.0999755859375
2025-09-05,691.7000122070312,697.3499755859375,683.0999755859375,690.9000244140625,6692975.0,0.006109108664772656,60.99839039607948,685.0178615025112,678.5319995117187,6.29998779296875
2025-09-08,719.5,722.0,694.0499877929688,695.0,20531027.0,0.04019081581951456,65.5802319511229,688.125004359654,679.2669995117187,39.20001220703125
2025-09-09,715.5499877929688,722.25,713.5,721.1500244140625,9409853.0,-0.005489940524018411,56.41240123993982,689.2178606305804,679.8399987792968,28.75
2025-09-10,709.0999755859375,720.0,702.7000122070312,717.6500244140625,10363493.0,-0.009014062353526975,58.47089667079931,690.6107177734375,680.2619982910156,27.449951171875
2025-09-11,705.8499755859375,712.0,704.5499877929688,710.2000122070312,5530633.0,-0.004583274731203457,58.95748874205046,692.0714285714286,680.702998046875,30.39996337890625
2025-09-12,715.25,718.9000244140625,707.3499755859375,708.0,8252416.0,0.013317312090659783,64.7530639954449,694.5678580147879,681.2369982910157,46.25
2025-09-15,712.9000244140625,721.9500122070312,711.5499877929688,715.2999877929688,6007524.0,-0.0032855303543340986,61.41734007372279,696.432146344866,681.6869982910156,22.75
2025-09-16,713.25,719.7000122070312,705.0,715.0,9765743.0,0.0004909181848116173,64.4292125963185,698.6892874581473,682.1709985351563,28.8499755859375
2025-09-17,719.1500244140625,722.9500122070312,714.2999877929688,715.0,11872451.0,0.008272028621188143,70.00916086171347,701.8107169015067,682.7769995117187,27.10003662109375
2025-09-18,711.2000122070312,725.25,707.5999755859375,722.0,12199357.0,-0.011054733973635988,69.06052735030812,704.8250034877232,683.1369995117187,23.70001220703125
2025-09-19,707.4500122070312,713.5,704.9500122070312,713.5,12127319.0,-0.005272778312197746,59.27116294557142,706.0607169015067,683.43,15.75
2025-09-22,696.25,712.0,694.8499755859375,709.0,9688597.0,-0.01583152450883507,55.99998763844936,706.9071437290737,683.4430004882812,-23.25
2025-09-23,701.3499755859375,707.7999877929688,697.0,701.7999877929688,11904667.0,0.007324920051615891,54.83367287571353,707.5714285714286,683.8340002441406,-14.20001220703125
2025-09-24,682.9500122070312,703.2999877929688,681.2999877929688,700.5,13252215.0,-0.02623506668483755,47.93276315417299,707.2464294433594,684.0030004882813,-26.14996337890625
2025-09-25,664.2999877929688,675.0,655.2999877929688,669.9000244140625,24687611.0,-0.027308037309777378,38.995974130898595,705.289284842355,683.6009997558593,-41.54998779296875
2025-09-26,672.9000244140625,680.3499755859375,662.3499755859375,666.0,15780434.0,0.01294601351667346,27.872766392539916,701.960715157645,683.4790002441406,-42.3499755859375
2025-09-29,672.5,685.0,670.0,684.0,13014474.0,-0.000594478227892492,28.84522753352732,698.8857160295759,683.295,-40.4000244140625
2025-09-30,680.2000122070312,683.5,666.6500244140625,672.0,15001606.0,0.011449832278113359,35.970899876922374,696.8214329310825,683.2940002441406,-33.04998779296875
2025-10-01,718.3499755859375,720.0,679.2000122070312,681.0,30163206.0,0.056086390317932944,54.53226895829516,697.7142900739398,683.9119995117187,-0.800048828125
2025-10-03,716.0999755859375,739.7000122070312,715.0,718.5,27786917.0,-0.0031321780141563282,50.32503846498567,697.7750026157925,684.7659985351562,4.89996337890625
2025-10-06,712.6500244140625,718.5,703.9500122070312,718.0,10333314.0,-0.004817694860346999,49.90519528013221,697.7571454729352,685.2169995117188,5.20001220703125
2025-10-07,698.0499877929688,712.9000244140625,697.1500244140625,712.6500244140625,13099357.0,-0.02048696572079378,44.79808063072152,696.6714303152902,685.1679992675781,1.79998779296875
2025-10-08,681.5499877929688,702.0,679.0,694.9000244140625,16568975.0,-0.023637275680167602,38.00254189788551,693.9857134137835,685.0509985351563,-19.79998779296875
2025-10-09,681.0999755859375,685.0,668.7999877929688,684.5999755859375,16202851.0,-0.0006602776246662501,39.91285718551863,691.835710797991,685.0149975585938,-1.85003662109375
2025-10-10,678.9500122070312,688.5999755859375,666.9000244140625,684.7999877929688,16069904.0,-0.0031566046923678925,40.34552685836782,689.7999965122768,684.7469982910156,14.6500244140625
2025-10-13,660.75,679.4000244140625,658.0999755859375,679.0,33288645.0,-0.026806115148108378,38.51875627229106,687.2642822265625,684.592998046875,-12.1500244140625
2025-10-14,395.4500122070313,421.5499877929688,376.2999877929688,400.0,52267874.0,-0.40151341323188605,13.12681142946606,665.414284842355,679.182998046875,-277.0499877929687
2025-10-15,390.8500061035156,403.0,388.0,403.0,26953559.0,-0.011632332688126024,13.578555626729397,644.5499986921038,674.0229986572266,-289.3500061035156
2025-10-16,396.7999877929688,400.4500122070313,389.5499877929688,395.4500122070313,21983752.0,0.015223184332962214,15.554982177513764,625.4428558349609,668.8869989013672,-321.5499877929687
2025-10-17,396.6000061035156,402.5,392.25,396.7999877929688,16564547.0,-0.0005039861280377034,13.63515831267567,605.7071402413504,663.7269995117188,-319.4999694824219
2025-10-20,399.75,403.3999938964844,396.6000061035156,400.0499877929688,10471672.0,0.007942495834612373,14.360372454116359,586.2249973842075,658.665,-312.9000244140625
2025-10-21,401.8500061035156,403.3999938964844,400.0499877929688,402.7999877929688,3449156.0,0.0052532985703954704,13.08843884070889,566.3428540910993,653.7720001220703,-296.1999816894531
2025-10-23,405.8500061035156,408.8999938964844,403.6000061035156,407.5,14126009.0,0.009953962770302027,4.432774763942632,544.0214276994977,649.215,-275.6999816894531
2025-10-24,403.2999877929688,408.5,401.0,406.9500122070313,6311744.0,-0.006283154545269176,4.428899723776766,521.6785714285714,644.2059997558594,-277.7999877929687
2025-10-27,410.0499877929688,411.3999938964844,403.6499938964844,404.0,10699376.0,0.016736920913236197,6.334771050347243,500.0642830984933,639.325,-268.90002441406244
2025-10-28,411.5,414.1499938964844,408.5499877929688,411.2999877929688,10332279.0,0.0035361840024326074,7.019647700694634,479.596426827567,634.28,-249.25
2025-10-29,411.3500061035156,415.0,407.0499877929688,412.5,8485023.0,-0.0003645052162438711,7.381702255268493,460.29642813546315,629.2150006103516,15.899993896484318
2025-10-30,412.4500122070313,419.0,408.1000061035156,412.7000122070313,8783965.0,0.0026741365921818527,7.712892436501065,441.1071450369699,623.9440008544922,21.600006103515682
2025-10-31,410.0,417.5,409.0499877929688,414.0499877929688,8012169.0,-0.00594014337379023,7.705613794424707,421.8964298793248,618.1390008544922,13.200012207031193
2025-11-03,417.0,417.8500061035156,410.1000061035156,414.0,8952229.0,0.017073170731707332,10.268948655256736,404.4857155936105,612.6870013427734,20.399993896484375
2025-11-04,406.5,417.5,405.1000061035156,417.3999938964844,8889004.0,-0.025179856115107868,60.6352119311659,405.2750004359654,607.1090008544921,6.75
